INSERT INTO state VALUES (1, "Maharashtra");
INSERT INTO state VALUES (2, "Madhya Pradesh");
INSERT INTO state VALUES (3, "Uttar Pradesh");
INSERT INTO state VALUES (4, "Chhattisgarh");
INSERT INTO state VALUES (5, "Gujarat");
INSERT INTO state values (6, "Telangana");
INSERT INTO state VALUES (7, "Karnataka");
INSERT INTO state VALUES (8, "Kerala");
INSERT INTO state VALUES (9, "Punjab");
INSERT INTO state VALUES (10, "Assam");

INSERT INTO customer VALUES (2003132, "+917710005047", "Kaushal Patil", 1, '2009-01-16', 1);
INSERT INTO customer VALUES (2003134, "+918971021758", "Dhruv Pipaliya", 2, '2003-05-20', 0);
INSERT INTO customer VALUES (2003130, "+917649672133", "Parth Parakh", 9, '2006-08-05', 1);
INSERT INTO customer VALUES (2003138, "+919022358675", "Gaurav Punjabi", 6, '2002-05-09', 1);
INSERT INTO customer VALUES (2003126, "+919029987689", "Abhinay Patil", 5, '2001-07-11', 0);
INSERT INTO customer VALUES (2003143, "+916135263566", "Piush Paul", 4, '2003-10-19', 0);
INSERT INTO customer VALUES (2003140, "+919326141774", "Hemal Nisar", 2, '2006-01-5', 1);
INSERT INTO customer VALUES (2003135, "+917970039638", "Yash Savaliya", 1, '2002-12-17', 0);
INSERT INTO customer VALUES (2003133, "+918907688235", "Ahad Quershi", 8, '2000-04-22', 0);
INSERT INTO customer VALUES (2003131, "+918971021758", "Harsh Punjabi", 3, '2008-07-27', 1);


INSERT INTO agency VALUES (100, "Airtel");
INSERT INTO agency VALUES (101, "Bsnl");
INSERT INTO agency VALUES (102, "Jio");
INSERT INTO agency VALUES (103, "Idea");
INSERT INTO agency VALUES (104, "Vodafone");


INSERT INTO pack VALUES (200, 300, 1, 100);
INSERT INTO pack VALUES (201, 600, 2, 101);
INSERT INTO pack VALUES (202, 600, 2, 102);
INSERT INTO pack VALUES (203, 300, 2, 101);
INSERT INTO pack VALUES (204, 900, 4, 103);
INSERT INTO pack VALUES (205, 300, 1, 101);
INSERT INTO pack VALUES (206, 600, 2, 102);
INSERT INTO pack VALUES (207, 1200, 5, 104);
INSERT INTO pack VALUES (208, 300, 1, 101);
INSERT INTO pack VALUES (209, 900, 3, 100);

INSERT INTO sales VALUES (1000, 2003132, 200, 1500);
INSERT INTO sales VALUES (1001, 2003134, 201, 1000);
INSERT INTO sales VALUES (1002, 2003130, 202, 800);
INSERT INTO sales VALUES (1003, 2003138, 203, 500);
INSERT INTO sales VALUES (1004, 2003136, 203, 100);
INSERT INTO sales VALUES (1005, 2003133, 200, 1200);
INSERT INTO sales VALUES (1006, 2003140, 201, 200);
INSERT INTO sales VALUES (1007, 2003135, 202, 400);
INSERT INTO sales VALUES (1008, 2003133, 208, 700);
INSERT INTO sales VALUES (1009, 2003131, 209, 800);

INSERT INTO payment VALUES (10000, 100, 2003132, "Online", '2022-08-27');
INSERT INTO payment VALUES (10001, 101, 2003134, "Offline", '2022-08-25');
INSERT INTO payment VALUES (10002, 102, 2003130, "Offline", '2022-08-23');
INSERT INTO payment VALUES (10003, 103, 2003138, "Online", '2022-08-25');
INSERT INTO payment VALUES (10004, 104, 2003136, "Offline", '2022-08-27');
INSERT INTO payment VALUES (10005, 104, 2003133, "Online", '2022-08-28');
INSERT INTO payment VALUES (10006, 103, 2003140, "Offline", '2022-08-24');
INSERT INTO payment VALUES (10007, 102, 2003135, "Offline", '2022-08-23');
INSERT INTO payment VALUES (10008, 101, 2003133, "Online", '2022-08-22');
INSERT INTO payment VALUES (10009, 100, 2003131, "Online", '2022-08-27');